category,brand,product_name,source_url,swagkey_product_id
Keyboards,SWG,[GB]SWG Neowell ABS 이중사출 키캡,https://www.swagkey.kr/1733221419/?idx=1875,1875
Keycaps,NEW,Hammerworks CRP R7 키캡,https://www.swagkey.kr/23/?idx=1874,1874
Keyboards,MilkyWay,[GB]MW Philosopher's Stone 키캡,https://www.swagkey.kr/1733221419/?idx=1862,1862
Keyboards,SWG,[GB]SWG Midnight Rainbow ABS 이중사출 키캡,https://www.swagkey.kr/1733221419/?idx=1850,1850
Keycaps,NEW,SWG Euler ABS 이중사출 키캡,https://www.swagkey.kr/23/?idx=1845,1845
Keycaps,NEW,[GB]SWG Tars ABS 이중사출 키캡,https://www.swagkey.kr/23/?idx=1839,1839
Keycaps,NEW,RAMA CAPS 키캡,https://www.swagkey.kr/23/?idx=1825,1825
Keyboards,GMK,[GB]GMK CYL Pandemonium 키캡,https://www.swagkey.kr/1733221419/?idx=1819,1819
Keyboards,SWG,[GB]SWG Rainbow Alert ABS 이중사출 키캡,https://www.swagkey.kr/1733221419/?idx=1817,1817
Keyboards,GMK,[GB]GMK CYL Thunder God 키캡,https://www.swagkey.kr/1733221419/?idx=1803,1803
Keycaps,NEW,SWG Яubber ABS 이중사출 키캡,https://www.swagkey.kr/23/?idx=1800,1800
Keyboards,SWG,[GB]SWG Skeletoon ABS 이중사출 키캡,https://www.swagkey.kr/1733221419/?idx=1797,1797
Keycaps,NEW,LeleLab LowSup-Ocean Blue 키보드 키캡 로우프로파일,https://www.swagkey.kr/23/?idx=1790,1790
Keycaps,NEW,[GB]GMK CYL Gonzales 키캡,https://www.swagkey.kr/23/?idx=1787,1787
Keyboards,SWG,[GB]SWG Classic Blue ABS 이중사출 키캡,https://www.swagkey.kr/1733221419/?idx=1786,1786
Keycaps,NEW,GMK Cherry Love 키캡 Add-on,https://www.swagkey.kr/23/?idx=1772,1772
Keyboards,SWG,[GB]SWG Ferrofluid ABS 이중사출 키캡,https://www.swagkey.kr/1733221419/?idx=1764,1764
Keyboards,SWG,[GB]SWG Classic Red ABS 이중사출 키캡,https://www.swagkey.kr/1733221419/?idx=1762,1762
Keycaps,NEW,스웨그키 DMK Red Bean 키캡 Add-on,https://www.swagkey.kr/23/?idx=1756,1756
Keyboards,SWG,[GB]SWG Prepress ABS 이중사출 키캡,https://www.swagkey.kr/1733221419/?idx=1755,1755
Keycaps,NEW,LeleLab Good Night Cocoa 키보드 키캡,https://www.swagkey.kr/23/?idx=1753,1753
Keycaps,NEW,LeleLab Snowspire Lake 키보드 키캡,https://www.swagkey.kr/23/?idx=1752,1752
Keycaps,NEW,스웨그키 KAP MV Classic 키캡,https://www.swagkey.kr/23/?idx=1745,1745
Keyboards,SWG,[GB]SWG Euler ABS 이중사출 키캡,https://www.swagkey.kr/1733221419/?idx=1744,1744
Keycaps,NEW,스웨그키 Calm Beige 스탠다드 버전 PBT 염료승화 키캡,https://www.swagkey.kr/23/?idx=1732,1732
Keycaps,NEW,DoodleCaps 낙서 블랙 PBT 염료승화 키캡,https://www.swagkey.kr/23/?idx=1729,1729
Keycaps,NEW,스웨그키 Hammer Mirror Image 키보드 키캡 80s All-in,https://www.swagkey.kr/23/?idx=1721,1721
Keycaps,NEW,스웨그키 MOA 키보드 키캡,https://www.swagkey.kr/23/?idx=1720,1720
Keyboards,Geistmaschine,Geistmaschine - TP-1 키캡,https://www.swagkey.kr/1214902822/?idx=1718,1718
Keycaps,NEW,Hammerworks CRP R6 Add-on kit,https://www.swagkey.kr/23/?idx=1713,1713
Switches,NEW,스웨그키 Ion 이온 리니어 로우피치 키보드 스위치,https://www.swagkey.kr/21/?idx=1873,1873
Switches,NEW,스웨그키 Keygeek 쉐이크 Shake 리니어 키보드 스위치,https://www.swagkey.kr/21/?idx=1841,1841
Switches,NEW,스웨그키 Keygeek B1 리니어 키보드 스위치,https://www.swagkey.kr/21/?idx=1830,1830
Switches,NEW,스웨그키 Wingtree ANON 리니어 키보드 스위치,https://www.swagkey.kr/21/?idx=1826,1826
Keyboards,OWLAB,Owlab London Fog V2 런던포그 키보드 스위치,https://www.swagkey.kr/39/?idx=1822,1822
Switches,NEW,체리 MX2A 클래식 히로세 키보드 스위치,https://www.swagkey.kr/21/?idx=1808,1808
Switches,NEW,스웨그키 MZ Studio T2 리니어 키보드 스위치,https://www.swagkey.kr/21/?idx=1807,1807
Switches,NEW,스웨그키 Keygeek peach cheesecake 리니어 키보드 스위치,https://www.swagkey.kr/21/?idx=1806,1806
Switches,NEW,스웨그키 Keygeek Cera X 리니어 키보드 스위치,https://www.swagkey.kr/21/?idx=1805,1805
Switches,NEW,스웨그키 BDG Optical White 리니어 키보드 스위치,https://www.swagkey.kr/21/?idx=1804,1804
Switches,NEW,스웨그키 HMX Taro 타로 스위치 리니어,https://www.swagkey.kr/21/?idx=1792,1792
Switches,NEW,스웨그키 HMX Custard 커스터드 스위치 리니어,https://www.swagkey.kr/21/?idx=1791,1791
Switches,NEW,스웨그키 Wingtree Golden Apple 키보드 스위치,https://www.swagkey.kr/21/?idx=1788,1788
Switches,NEW,스웨그키 HMX Peach 피치 반저소음 리니어 키보드 스위치,https://www.swagkey.kr/21/?idx=1765,1765
Keyboards,Owlab,스웨그키 Owlab Nova N극 HE 키보드 스위치,https://www.swagkey.kr/39/?idx=1759,1759
Switches,NEW,QK01 키보드 스위치,https://www.swagkey.kr/21/?idx=1676,1676
Switches,NEW,Keygeek Muse 리니어 스위치,https://www.swagkey.kr/21/?idx=1672,1672
Switches,NEW,체리 MX 흑축 삼신흑 키보드 스위치,https://www.swagkey.kr/21/?idx=1659,1659
Switches,NEW,SWK 지음 v2 리니어 스위치,https://www.swagkey.kr/21/?idx=1656,1656
Switches,NEW,HMX Toast 키보드 스위치,https://www.swagkey.kr/21/?idx=1569,1569
Switches,NEW,HMX Duckduck V2 덕덕 키보드 스위치,https://www.swagkey.kr/21/?idx=1503,1503
Switches,NEW,HMX T-Rex 키보드 스위치,https://www.swagkey.kr/21/?idx=1494,1494
Switches,NEW,체리 MX2A Petal 키보드 스위치,https://www.swagkey.kr/21/?idx=1473,1473
Switches,NEW,Cherry MX2A 비윤활 갈축 키보드 스위치,https://www.swagkey.kr/21/?idx=1444,1444
Switches,NEW,Cherry MX2A 비윤활 갈축 키보드 스위치 - 450개 벌크,https://www.swagkey.kr/21/?idx=1443,1443
Switches,NEW,Peach Mellow 키보드 스위치,https://www.swagkey.kr/21/?idx=1437,1437
Switches,NEW,Outemu Cream Pink 크림핑크 리니어축 키보드 스위치,https://www.swagkey.kr/21/?idx=1425,1425
Switches,NEW,Cherry MX Falcon 택타일 스위치,https://www.swagkey.kr/21/?idx=1307,1307
Keyboards,CHERRY,Cherry MX2A RGB Silver 리니어 스위치,https://www.swagkey.kr/39/?idx=1306,1306
Switches,NEW,Cherry MX2A Honey 택타일 스위치,https://www.swagkey.kr/21/?idx=1305,1305
Keyboards,Keygeek,Neo Rye 라이 리니어 스위치,https://www.swagkey.kr/39/?idx=1281,1281
Switches,NEW,HMX 신하이 리니어 스위치,https://www.swagkey.kr/21/?idx=674,674
Switches,NEW,Keygeek 오트 리니어 스위치,https://www.swagkey.kr/21/?idx=993,993
Switches,NEW,HMX 아주르 리니어 스위치,https://www.swagkey.kr/21/?idx=994,994
Switches,NEW,SW x Haimu MP 택타일 스위치,https://www.swagkey.kr/21/?idx=720,720
Keyboards,Cherry,체리 MX2A RGB Silver 은축 리니어 기계식 키보드 스위치,https://www.swagkey.kr/39/?idx=1253,1253
Keyboards,KBDFANS,[GB] Agar Micro 파츠,https://www.swagkey.kr/637948618/?idx=1866,1866
Keyboards,QwertyKey,Qwertykeys NEO80 CU 보강판,https://www.swagkey.kr/200/?idx=1502,1502
Keyboards,Qwertykeys,Qwertykeys NEO SS 내부 무게추,https://www.swagkey.kr/201/?idx=1779,1779
Keyboards,QwertyKey,NEO80 CU 기판,https://www.swagkey.kr/88/?idx=1500,1500
Keyboards,NEW,EVO80 에보80 알루미늄 커스텀 기계식 키보드,https://www.swagkey.kr/22/?idx=1641,1641
Keyboards,NEO STUDIO,NEO65 Core Plus 커스텀 기계식 키보드,https://www.swagkey.kr/227/?idx=1415,1415
Keyboards,NEO STUDIO,NEO65 Core Plus 기판,https://www.swagkey.kr/88/?idx=1416,1416
Keyboards,NEO Studio,NEO80 CU 커스텀 기계식 키보드,https://www.swagkey.kr/227/?idx=1499,1499
Keyboards,NEO STUDIO,NEO65 Core Plus 보강판,https://www.swagkey.kr/200/?idx=1520,1520
Keyboards,NEW,DP104 알루미늄 커스텀 기계식 키보드,https://www.swagkey.kr/22/?idx=1604,1604
Keyboards,NEW,스웨그키 트랜지션 라이트 커스텀 기계식 키보드,https://www.swagkey.kr/22/?idx=860,860
Keyboards,NEW,Meletrix - ZOOM TKL Dyna,https://www.swagkey.kr/22/?idx=1603,1603
Keyboards,KBDFANS,[GB] Agar Micro 커스텀 기계식 키보드,https://www.swagkey.kr/637948618/?idx=1865,1865
Keyboards,NEW,Baionlenja Ophanim 파츠,https://www.swagkey.kr/22/?idx=1834,1834
Keyboards,Qwertykeys,QK80MK2 커스텀 기계식 키보드,https://www.swagkey.kr/242/?idx=1838,1838
Keyboards,스웨그키,스웨그키 트랜지션 라이트 보강판,https://www.swagkey.kr/200/?idx=1525,1525
Keyboards,스웨그키,스웨그키 키보드 빌드 서비스(나이트 스테빌라이저 포함),https://www.swagkey.kr/227/?idx=1857,1857
Keyboards,NEW,스웨그키 Smurve80 커스텀 기계식 완제품 키보드,https://www.swagkey.kr/22/?idx=1785,1785
Keyboards,NEO STUDIO,Qwertykeys NEO75 보강판,https://www.swagkey.kr/200/?idx=1749,1749
Keyboards,스웨그키,트랜지션 라이트 전용 MX 8K 게이밍 기판,https://www.swagkey.kr/88/?idx=1526,1526
Keyboards,NEO,NEO60 Core 커스텀 기계식 키보드,https://www.swagkey.kr/227/?idx=1165,1165
Keyboards,Baionlenja,Baionlenja Ophanim 베어본 킷,https://www.swagkey.kr/637948618/?idx=1832,1832
Keyboards,Owlab,Owlab Hellcat Mech-01 기판&보강판,https://www.swagkey.kr/88/?idx=1566,1566
Keyboards,NEW,EVO75 에보75 알루미늄 커스텀 기계식 키보드,https://www.swagkey.kr/22/?idx=1373,1373
Keyboards,QwertyKey,NEO60 Core 기판,https://www.swagkey.kr/88/?idx=1519,1519
Keyboards,QWERTYKEYS,QK Alice Duo 보강판,https://www.swagkey.kr/200/?idx=1878,1878
Keyboards,NEW,MM Studio - Class 100 전용 보강판,https://www.swagkey.kr/22/?idx=1870,1870
Keyboards,NEW,MM Studio - Class 100 전용 기판,https://www.swagkey.kr/22/?idx=1869,1869
Keyboards,NEW,MM Studio - Class 100,https://www.swagkey.kr/22/?idx=1868,1868
Keyboards,NEW,세라키 Zen75 기계식 완제품 키보드,https://www.swagkey.kr/22/?idx=1730,1730
Keyboards,NEO STUDIO,NEO75 & NEO98 커스텀 기계식 완제품 키보드,https://www.swagkey.kr/242/?idx=1837,1837
Keyboards,QwertyKey,Qwertykeys NEO60 Core 보강판,https://www.swagkey.kr/200/?idx=1518,1518
Keyboards,NEW,스웨그키 Eave65 전용 기판,https://www.swagkey.kr/22/?idx=1867,1867
Keyboards,NEW,GDK Lab - DK1 TKL 여분 폼킷,https://www.swagkey.kr/22/?idx=1856,1856
Keyboards,NEW,GDK Lab - DK1 TKL 보강판,https://www.swagkey.kr/22/?idx=1854,1854
Keyboards,NEW,GDK Lab - DK1 TKL 기판,https://www.swagkey.kr/22/?idx=1853,1853
Keyboards,NEW,GDK Lab - DK1 TKL Barebone Kit,https://www.swagkey.kr/22/?idx=1852,1852
Keyboards,Bowl Keyboard,[GB]Bowl x Alexotos - Schema Barebone Kit,https://www.swagkey.kr/637948618/?idx=1842,1842
Keyboards,MW,MW Mass80 커스텀 키보드 베어본 킷,https://www.swagkey.kr/227/?idx=1831,1831
Keyboards,Wuque Studio,Meletrix Zoom64 MX버전 커스텀 기계식 키보드,https://www.swagkey.kr/227/?idx=1799,1799
Keyboards,NEW,AM Relic80 커스텀 기계식 완제품 키보드 R1.5,https://www.swagkey.kr/22/?idx=1789,1789
Keyboards,Qwertykeys,QK65 MK3 커스텀 기계식 완제품 키보드,https://www.swagkey.kr/242/?idx=1757,1757
Keyboards,NEW,AM ATM98 커스텀 기계식 완제품 키보드,https://www.swagkey.kr/22/?idx=1754,1754
Keyboards,NEO STUDIO,Qwertykeys NEO98 보강판,https://www.swagkey.kr/200/?idx=1751,1751
Keyboards,NEO STUDIO,NEO98 기판,https://www.swagkey.kr/88/?idx=1750,1750
Keyboards,NEO STUDIO,NEO98 커스텀 기계식 키보드,https://www.swagkey.kr/227/?idx=1748,1748
Keyboards,NEO STUDIO,NEO75 기판,https://www.swagkey.kr/88/?idx=1747,1747
Keyboards,NEO STUDIO,NEO75 커스텀 기계식 키보드,https://www.swagkey.kr/227/?idx=1746,1746
Keyboards,QwertyKey,QK65 MK3 기판,https://www.swagkey.kr/88/?idx=1660,1660
Keyboards,NEW,MatrixLab NOOS Wing 커스텀 기계식 키보드,https://www.swagkey.kr/22/?idx=1650,1650
Keyboards,QwertyKey,Qwertykeys NEO65 CU 보강판,https://www.swagkey.kr/200/?idx=1612,1612
Keyboards,QwertyKey,NEO65 CU 기판,https://www.swagkey.kr/88/?idx=1611,1611
Keyboards,NEW,스웨그키 트랜지션 라이트 기판,https://www.swagkey.kr/22/?idx=1528,1528
Keyboards,NEW,트랜지션 라이트 Alu 상부 하우징 상판,https://www.swagkey.kr/22/?idx=1392,1392
Keyboards,QWERTYKEYS,QK Alice Duo 기판,https://www.swagkey.kr/88/?idx=1286,1286
Keyboards,NEW,MatrixLab One Thing 커스텀 기계식 키보드,https://www.swagkey.kr/22/?idx=1233,1233
Keyboards,NEW,SW Eave65 보강판,https://www.swagkey.kr/22/?idx=1190,1190
Keyboards,NEW,Swagkeys x StelLive 하나코 나나 콜라보 굿즈,https://www.swagkey.kr/22/?idx=1591,1591
Keyboards,NEO,NEO65 Cu 커스텀 기계식 키보드,https://www.swagkey.kr/227/?idx=1581,1581
Keyboards,Bowl Keyboard,[GB]Bowl x Alexotos - Schema 파츠,https://www.swagkey.kr/637948618/?idx=1844,1844
Keyboards,Bowl Keyboard,[GB]Bowl x Alexotos - Schema 상판,https://www.swagkey.kr/637948618/?idx=1843,1843
Keyboards,NEW,Bowl Oblique 기판 및 보강판,https://www.swagkey.kr/22/?idx=1802,1802
Keyboards,NEW,Bowl Keyboard Oblique 커스텀 기계식 키보드 R2,https://www.swagkey.kr/22/?idx=1801,1801
Keyboards,Wuque Studio,Meletrix Zoom64 HE버전 커스텀 기계식 키보드,https://www.swagkey.kr/227/?idx=1798,1798
Keyboards,NEW,NP-R Numpad,https://www.swagkey.kr/22/?idx=1741,1741
Keyboards,NEW,Shelby65 보강판,https://www.swagkey.kr/22/?idx=1700,1700
Keyboards,NEW,Shelby65 기판,https://www.swagkey.kr/22/?idx=1699,1699
Keyboards,QwertyKey,Qwertykeys QK65 MK3 보강판,https://www.swagkey.kr/200/?idx=1661,1661
Keyboards,NEW,[GB] MatrixLab Carnival [TKL] - Barebone Kit,https://www.swagkey.kr/22/?idx=1615,1615
Keyboards,NBH,[GB] Neighbourhood Shy60 Barebone Kit,https://www.swagkey.kr/637948618/?idx=1504,1504
Keyboards,Baionlenja,[GB] Baionlenja Synovia Parts,https://www.swagkey.kr/637948618/?idx=1409,1409
Keyboards,Baionlenja,[GB] Baionlenja Synovia Barebone Kit,https://www.swagkey.kr/637948618/?idx=1408,1408
Keyboards,NEW,NONO Studio N65 기판,https://www.swagkey.kr/22/?idx=1326,1326
Keyboards,NEW,[GB] ai03 Altair and Altair-X Barebone Kit R2,https://www.swagkey.kr/22/?idx=1295,1295
Keyboards,NEW,Swagkeys x JJW Integral 커스텀 기계식 키보드,https://www.swagkey.kr/22/?idx=1228,1228
Keyboards,NEW,MatrixLab Prologue & Chapter One 커스텀 기계식 키보드,https://www.swagkey.kr/22/?idx=1170,1170
Keyboards,Cannonkeys,[GB] Cannonkeys VIDA,https://www.swagkey.kr/637948618/?idx=1025,1025
Gaming,NEW,스웨그키 SW A87 레이아웃 8K 게이밍 기판,https://www.swagkey.kr/205/?idx=1001,1001
Keyboards,Cannonkeys,[GB] Cannonkeys Cerberus Barebone Kit,https://www.swagkey.kr/637948618/?idx=987,987
Keyboards,NEW,스웨그키 Eave65 커스텀 기계식 키보드,https://www.swagkey.kr/22/?idx=1151,1151
Keyboards,NEW,스웨그키 트랜지션 87 라이트 게이밍 8K 커스텀 기계식 완제품 키보드,https://www.swagkey.kr/22/?idx=1820,1820
Keyboards,스웨그키,Owlab Hellcat Mech-01 가방,https://www.swagkey.kr/201/?idx=1813,1813
Keyboards,NEW,MatrixLab NoStation,https://www.swagkey.kr/22/?idx=1283,1283
Keyboards,QWERTYKEYS,[GB] QK Alice Duo Barebone Kit [Batch 5],https://www.swagkey.kr/637948618/?idx=1781,1781
Keyboards,Owlab,Owlab Hellcat Mech-01 커스텀 기계식 키보드,https://www.swagkey.kr/227/?idx=1565,1565
Keyboards,NEON,NEON Transition LITE HE Kit,https://www.swagkey.kr/88/?idx=1301,1301
Switches,NEW,Haimu 스노우 저소음 자석축 키보드 스위치,https://www.swagkey.kr/21/?idx=1251,1251
Switches,NEW,TTC 아이스 프로즌 저소음 V2 커스텀 기계식 키보드 스위치 공장윤활 사무용,https://www.swagkey.kr/21/?idx=596,596
Keyboards,SWK,NEO 라벤더 HE 마그네틱 스위치,https://www.swagkey.kr/31/?idx=1010,1010
Switches,NEW,TTC 피넛 라떼 저소음 택타일 스위치,https://www.swagkey.kr/21/?idx=1258,1258
Switches,NEW,Wuque BigLucky 빅럭키 클릭 스위치 Cliky,https://www.swagkey.kr/21/?idx=1248,1248
Keyboards,Owlab,Owlab Ti HE 마그네틱 스위치,https://www.swagkey.kr/31/?idx=1115,1115
Switches,NEW,Cherry MX2A 흑축 비윤활 스위치,https://www.swagkey.kr/21/?idx=680,680
Switches,NEW,Cherry MX2A 스위치,https://www.swagkey.kr/21/?idx=851,851
Switches,NEW,SW x SWK 피오니 HE 마그네틱 스위치,https://www.swagkey.kr/21/?idx=871,871
Keyboards,HMX,Neo Amber 앰버 리니어 스위치,https://www.swagkey.kr/39/?idx=1282,1282
Switches,NEW,Cherry MX2A Northern Light 리니어 스위치,https://www.swagkey.kr/21/?idx=1304,1304
Switches,NEW,Cherry MX2A Blossom 리니어 스위치,https://www.swagkey.kr/21/?idx=1303,1303
Switches,NEW,게이트론 Melodic 기계식 키보드 스위치,https://www.swagkey.kr/21/?idx=769,769
Switches,NEW,Cherry MX2A 비윤활 흑축 키보드 스위치 - 450개 벌크,https://www.swagkey.kr/21/?idx=1302,1302
Switches,NEW,Wuque Flux HE 자석축 키보드 스위치 (N극),https://www.swagkey.kr/21/?idx=1205,1205
Switches,NEW,SW x Gateron 디핑 리니어 스위치,https://www.swagkey.kr/21/?idx=803,803
Keycaps,NEW,스웨그키 포인트 키캡,https://www.swagkey.kr/23/?idx=1521,1521
Keycaps,NEW,DoodleCaps 낙서 PBT 염료승화 키캡,https://www.swagkey.kr/23/?idx=1623,1623
Keycaps,NEW,스웨그키 SW Maestro 키캡,https://www.swagkey.kr/23/?idx=1442,1442
Keycaps,NEW,스웨그키 투명 키보드 키캡,https://www.swagkey.kr/23/?idx=874,874
Keyboards,Qwertykeys,스웨그키 Qwertykeys Bubble Tea Marshmallow 키보드 키캡,https://www.swagkey.kr/1214902822/?idx=1479,1479
Keyboards,HAMMER,스웨그키 Hammerworks CRP RGBY 키보드 키캡,https://www.swagkey.kr/1214902822/?idx=1710,1710
Keycaps,NEW,스웨그키 Black on Black BoB 키캡 - 65%,https://www.swagkey.kr/23/?idx=1681,1681
Keycaps,NEW,스웨그키 Lelelab Gems 키보드 키캡,https://www.swagkey.kr/23/?idx=1674,1674
Keycaps,NEW,스웨그키 Calm Beige PBT 염료승화 키캡,https://www.swagkey.kr/23/?idx=1489,1489
Keyboards,Qwertykeys,스웨그키 Qwertykeys Milk Tea 키캡,https://www.swagkey.kr/1214902822/?idx=1148,1148
Keycaps,NEW,스웨그키 DMK Silent Plateau 키보드 키캡 Add-on,https://www.swagkey.kr/23/?idx=1712,1712
Keycaps,NEW,스웨그키 KBM Love Detective 키보드 키캡 Add-on,https://www.swagkey.kr/23/?idx=1711,1711
Keyboards,Hammerworks,[GB]Hammerworks CRP R7 - Add on,https://www.swagkey.kr/1733221419/?idx=1665,1665
Keyboards,Hammerworks,[GB]Hammerworks CRP R7 - Mod,https://www.swagkey.kr/1733221419/?idx=1664,1664
Keyboards,Hammerworks,[GB]Hammerworks CRP R7 - Base,https://www.swagkey.kr/1733221419/?idx=1663,1663
Keyboards,Hammerworks,[GB]Hammerworks CRP R7 - Alpha,https://www.swagkey.kr/1733221419/?idx=1662,1662
Keyboards,SWG,[GB]SWG Яubber ABS 이중사출 키캡,https://www.swagkey.kr/1733221419/?idx=1590,1590
Keyboards,SWG,SWG Beige ABS 이중사출 키캡 - Add on,https://www.swagkey.kr/239/?idx=1588,1588
Keyboards,GMK,[GB]GMK MTNU Foundation R2,https://www.swagkey.kr/1733221419/?idx=1576,1576
Keyboards,GMK,[GB]GMK CYL Foundation R2,https://www.swagkey.kr/1733221419/?idx=1575,1575
Keycaps,NEW,KAT WoB Candy 키캡 Accent kit,https://www.swagkey.kr/23/?idx=1491,1491
Keycaps,NEW,스웨그키 ZOMO X B.Duck 3D 아티산 포인트 키캡,https://www.swagkey.kr/23/?idx=1438,1438
Keycaps,NEW,스웨그키 ZOMO 크리스마스 굴뚝 테마 포인트 키캡,https://www.swagkey.kr/23/?idx=1436,1436
Keyboards,MM Studio,[GB] KAP Santa LLum,https://www.swagkey.kr/1733221419/?idx=1390,1390
Keycaps,NEW,KAP White on Black 기계식 키보드 키캡,https://www.swagkey.kr/23/?idx=1246,1246
Keycaps,NEW,Keyboard Science Heyball 키캡,https://www.swagkey.kr/23/?idx=1209,1209
Keycaps,NEW,스웨그키 SW Antarctic 이중사출 키캡 세트,https://www.swagkey.kr/23/?idx=986,986
Keycaps,NEW,Keykobo Outer bounds,https://www.swagkey.kr/23/?idx=751,751
Keycaps,NEW,SWG Nimbus ABS 이중사출 키캡,https://www.swagkey.kr/23/?idx=1625,1625
Keycaps,NEW,SWG Beige ABS 이중사출 키캡 - Base,https://www.swagkey.kr/23/?idx=1587,1587
Keycaps,NEW,[GB] GMK Cherry Love 키캡,https://www.swagkey.kr/23/?idx=1413,1413
Keycaps,NEW,[GB] KAP - Y,https://www.swagkey.kr/23/?idx=1235,1235
Keycaps,NEW,[GB] KAP MV Classic,https://www.swagkey.kr/23/?idx=1227,1227
Accessories,NEW,스웨그키 나이트 무보강용 스테빌라이저,https://www.swagkey.kr/24/?idx=538,538
Accessories,NEW,스웨그키 윤활붓,https://www.swagkey.kr/24/?idx=514,514
Accessories,NEW,스웨그키 투명 커스텀 키링,https://www.swagkey.kr/24/?idx=1410,1410
Accessories,NEW,스웨그키 SW 츄이 커스텀 케이블 AtoC / CtoC 18W 100W,https://www.swagkey.kr/24/?idx=1005,1005
Accessories,NEW,스웨그키 스페이스바 흡음재,https://www.swagkey.kr/24/?idx=462,462
Accessories,NEW,크라이톡스 Krytox 205g0 5g,https://www.swagkey.kr/24/?idx=185,185
Accessories,NEW,VETUS 윤활용 정밀 핀셋,https://www.swagkey.kr/24/?idx=244,244
Accessories,NEW,kelowna 스테빌 라이저 교정기,https://www.swagkey.kr/24/?idx=490,490
Accessories,NEW,스웨그키 신형 스위치 슬라이더 픽커,https://www.swagkey.kr/24/?idx=618,618
Accessories,NEW,에버글라이드 키캡 풀러,https://www.swagkey.kr/24/?idx=573,573
Accessories,NEW,키보드용 신슐레이터 흡음재,https://www.swagkey.kr/24/?idx=523,523
Accessories,NEW,스웨그키 스위치 풀러,https://www.swagkey.kr/24/?idx=785,785
Accessories,NEW,윤활제 주입기,https://www.swagkey.kr/24/?idx=515,515
Accessories,NEW,SW 접착식 스테빌 스페이서,https://www.swagkey.kr/24/?idx=1212,1212
Accessories,NEW,kelowna All in one 윤활 스테이션,https://www.swagkey.kr/24/?idx=1124,1124
Accessories,NEW,스웨그키 더스트커버 체크베이지 키보드덮개,https://www.swagkey.kr/24/?idx=1116,1116
Accessories,NEW,워큐 키캡 풀러 Wuque Studio WS,https://www.swagkey.kr/24/?idx=960,960
Accessories,NEW,스웨그키 스위치 폼 필름 v2,https://www.swagkey.kr/24/?idx=259,259
Accessories,NEW,Kelowna 2in1 스위치 오프너,https://www.swagkey.kr/24/?idx=246,246
Accessories,NEW,크라이톡스 Krytox GPL105 10g,https://www.swagkey.kr/24/?idx=183,183
Accessories,NEW,스웨그키 키보드 가방 60% 65% 80% TKL 보호 케이스,https://www.swagkey.kr/24/?idx=1692,1692
Accessories,NEW,스웨그키 SW 신형 기보강 포크 노폼 빌드용 툴,https://www.swagkey.kr/24/?idx=1021,1021
Accessories,NEW,포론 하부 흡음재,https://www.swagkey.kr/24/?idx=253,253
Accessories,NEW,스웨그키 x 화홍 납작붓,https://www.swagkey.kr/24/?idx=243,243
Accessories,NEW,체리 스크류인 Screw-in 무보강 스테빌 라이저,https://www.swagkey.kr/24/?idx=234,234
Accessories,NEW,Superlube 슈퍼루브 12g,https://www.swagkey.kr/24/?idx=194,194
Accessories,NEW,TEGIC X SW 크리스탈 어댑터 40,https://www.swagkey.kr/24/?idx=1653,1653
Accessories,NEW,스웨그키 스위치 스펙 스티커 (화이트 소형),https://www.swagkey.kr/24/?idx=1666,1666
Accessories,NEW,게이트론 키캡 & 스위치 풀러 & 오프너 3 in 1,https://www.swagkey.kr/24/?idx=1595,1595
Accessories,NEW,스웨그키 Tegic LED 마그네틱 C to C 케이블 240W,https://www.swagkey.kr/24/?idx=1573,1573
Accessories,NEW,스웨그키 Long 스위치 스프링 (20mm),https://www.swagkey.kr/24/?idx=1508,1508
Accessories,NEW,Bowl Bowl - Alu 나사트레이,https://www.swagkey.kr/24/?idx=1199,1199
Accessories,NEW,게이트론 아크릴 테스터 (20구),https://www.swagkey.kr/24/?idx=663,663
Accessories,NEW,스테빌 라이저 철심(이바리 제거),https://www.swagkey.kr/24/?idx=339,339
Accessories,NEW,스테빌 라이저 포론 철심 패드,https://www.swagkey.kr/24/?idx=256,256
Accessories,NEW,NANCH 난치 정밀 드라이버,https://www.swagkey.kr/24/?idx=252,252
Accessories,NEW,C³ EQUALZ 스테빌라이저 소울메이트,https://www.swagkey.kr/24/?idx=228,228
Accessories,NEW,크라이톡스 Krytox 103 10g,https://www.swagkey.kr/24/?idx=195,195
Accessories,NEW,HIBI Single Unit 키보드 스탠드,https://www.swagkey.kr/24/?idx=1042,1042
Accessories,NEW,체리 보강용 스테빌 라이저,https://www.swagkey.kr/24/?idx=238,238
Accessories,NEW,SPRiT Designs Slow Extreme 3 Ultra 스프릿 스위치 스프링,https://www.swagkey.kr/24/?idx=1824,1824
Accessories,NEW,SPRiT Designs MX Supreme 스프릿 스위치 스프링,https://www.swagkey.kr/24/?idx=1823,1823
Accessories,NEW,AM Slant Magnetic 케이블 C to C,https://www.swagkey.kr/24/?idx=1793,1793
Accessories,NEW,SW 키보드 아크릴 네임택 V2 가방이름표,https://www.swagkey.kr/24/?idx=1690,1690
Accessories,NEW,JJW Play Tray V2,https://www.swagkey.kr/24/?idx=1599,1599
Accessories,NEW,스웨그키 포론 기보강 흡음재 - 60배열용,https://www.swagkey.kr/24/?idx=1572,1572
Accessories,NEW,[NEW] AM Emptiness phone case for iphone 17 air,https://www.swagkey.kr/24/?idx=1480,1480
Accessories,NEW,스웨그키 나이트 스테빌라이저 전용 철심,https://www.swagkey.kr/24/?idx=1311,1311
Accessories,NEW,스위치 하부 PE 폼,https://www.swagkey.kr/24/?idx=546,546
Accessories,NEW,EPDM 흡음재,https://www.swagkey.kr/24/?idx=524,524
Accessories,NEW,스웨그키 스위치 프로그레시브 스프링 (16.5mm),https://www.swagkey.kr/24/?idx=342,342
Accessories,NEW,이퀄즈 스테빌 라이저 철심,https://www.swagkey.kr/24/?idx=318,318
Accessories,NEW,스웨그키 Classic 스위치 스프링 (14.5mm),https://www.swagkey.kr/24/?idx=242,242
Accessories,NEW,스웨그키 Chewy 스위치 스프링(17.5mm),https://www.swagkey.kr/24/?idx=241,241
Accessories,NEW,체리 스냅인 Snap-in 무보강 스테빌 라이저,https://www.swagkey.kr/24/?idx=233,233
Accessories,NEW,SPRiT Designs Slow Extreme SE Edition 스프릿 스위치 스프링,https://www.swagkey.kr/24/?idx=1828,1828
Deskpads,NEW,스웨그키 x Kyodiy 밀크 마우스패드,https://www.swagkey.kr/25/?idx=1861,1861
Deskpads,NEW,스웨그키 Euler 오일러 장패드 데스크매트,https://www.swagkey.kr/25/?idx=1293,1293
Deskpads,NEW,스웨그키 x Kyodiy 체크 장패드 데스크매트,https://www.swagkey.kr/25/?idx=973,973
Deskpads,NEW,스웨그키 x Kyodiy NFC 장패드 데스크매트,https://www.swagkey.kr/25/?idx=1859,1859
Deskpads,NEW,스웨그키 x Kyodiy LP 장패드 데스크매트,https://www.swagkey.kr/25/?idx=1858,1858
Deskpads,NEW,스웨그키 x Kyodiy 포켓볼 마우스패드,https://www.swagkey.kr/25/?idx=1434,1434
Deskpads,NEW,스웨그키 x Kyodiy 스트라이프 마우스패드,https://www.swagkey.kr/25/?idx=1431,1431
Deskpads,NEW,스웨그키 SW x Kyodiy 흰냥 키보드 매트 80% 100%,https://www.swagkey.kr/25/?idx=1430,1430
Deskpads,NEW,스웨그키 SW x Kyodiy 얼룩냥 키보드 매트 80% 100%,https://www.swagkey.kr/25/?idx=1428,1428
Deskpads,NEW,스웨그키 SW x Kyodiy 코코심플 키보드 매트 60/65% 80%,https://www.swagkey.kr/25/?idx=1020,1020
Deskpads,NEW,스웨그키 x Kyodiy 6XV Corsa 장패드,https://www.swagkey.kr/25/?idx=670,670
Deskpads,NEW,스웨그키 x Kyodiy 스케이트보드 장패드 데스크매트,https://www.swagkey.kr/25/?idx=1860,1860
Deskpads,NEW,Child's Play 장패드 데스크매트,https://www.swagkey.kr/25/?idx=1851,1851
Deskpads,NEW,스웨그키 x Kyodiy 러브 마우스패드,https://www.swagkey.kr/25/?idx=1433,1433
Deskpads,NEW,스웨그키 x Kyodiy STOP 마우스패드,https://www.swagkey.kr/25/?idx=1432,1432
Deskpads,NEW,스웨그키 SW x Kyodiy 만세멍 키보드 매트 80% 100%,https://www.swagkey.kr/25/?idx=1429,1429
Deskpads,NEW,스웨그키 SW x Kyodiy 찡긋멍 키보드 매트 80% 100%,https://www.swagkey.kr/25/?idx=1427,1427
Deskpads,NEW,스웨그키 x Kyodiy [NEW] 장패드 데스크매트,https://www.swagkey.kr/25/?idx=1262,1262
Deskpads,NEW,SW x Kyodiy 아이러브 SW 마우스패드,https://www.swagkey.kr/25/?idx=1128,1128
Deskpads,NEW,SW x Kyodiy 스위치 사냥 마우스패드,https://www.swagkey.kr/25/?idx=1127,1127
Deskpads,NEW,스웨그키 SW x Kyodiy 코코낙서 키보드 매트 60/65% 80%,https://www.swagkey.kr/25/?idx=1019,1019
Deskpads,NEW,스웨그키 SW x Kyodiy 체크 키보드 매트 60/65% 80%,https://www.swagkey.kr/25/?idx=1018,1018
Deskpads,스웨그키,SW x Kyodiy NEO ERGO 전용 데스크매트,https://www.swagkey.kr/25/?idx=1017,1017
Deskpads,NEW,스웨그키 SW x Kyodiy 스프레이 키보드 매트 60/65% 80%,https://www.swagkey.kr/25/?idx=1016,1016
Deskpads,NEW,스웨그키 SW x Kyodiy 방수 마우스패드,https://www.swagkey.kr/25/?idx=1015,1015
Deskpads,Owlab,스웨그키 x Kyodiy Owlab 장패드,https://www.swagkey.kr/25/?idx=672,672
Gaming,NEW,[GB] MatrixLab MP-01 강화유리 마우스패드,https://www.swagkey.kr/205/?idx=1863,1863
Gaming,NEW,AM Infinity .97 경량 무선 8K 게이밍 마우스,https://www.swagkey.kr/205/?idx=1864,1864
Gaming,NEW,AM Infinity Mouse 인피니티 마우스 전용 그립테이프&피트 세트,https://www.swagkey.kr/205/?idx=1849,1849
Gaming,Swagkey,스웨그키 NEON 게이밍 포론 마우스패드,https://www.swagkey.kr/205/?idx=1731,1731
Gaming,NEW,스웨그키 AM Silkglass 강화유리 마우스패드,https://www.swagkey.kr/205/?idx=1689,1689
Gaming,NEW,AM Infinity 무선 8K 게이밍 마우스 Basalt Black,https://www.swagkey.kr/205/?idx=1688,1688
Gaming,NEO STUDIO,NEO65 Sonic He+,https://www.swagkey.kr/205/?idx=1574,1574
Gaming,NEW,AM Infinity 무선 8K 게이밍 마우스 Blazed Orange,https://www.swagkey.kr/205/?idx=1476,1476
Gaming,NEW,AM Infinity 무선 8K 게이밍 마우스 Cloud White,https://www.swagkey.kr/205/?idx=1280,1280
Keyboards,Outva,[GB] Outva Solid Alex Alice,https://www.swagkey.kr/shop_view/?idx=1004,1004
Keyboards,Whatever Studio,Whatever Studio - Vany Alice,https://www.swagkey.kr/shop_view/?idx=1099,1099
Keyboards,FAUKWAA,[Raffle] FAUKWAA – [Carnival] Alice 결제용,https://www.swagkey.kr/shop_view/?idx=1594,1594
Keyboards,Whatever Studio,Whatever Studio - Vany Alice Parts,https://www.swagkey.kr/shop_view/?idx=1101,1101
Keyboards,Neson Design,[GB] Mode Themes Keycaps,https://www.swagkey.kr/shop_view/?idx=537,537
Keyboards,Owlab,Owlab Hellcat Mech-01 파츠,https://www.swagkey.kr/shop_view/?idx=1313,1313
Keyboards,FAUKWAA,[Raffle]FAUKWAA Carnival,https://www.swagkey.kr/shop_view/?idx=1585,1585
Keyboards,Owlab,Owlab Hellcat Mech-01 Barebone Kit,https://www.swagkey.kr/shop_view/?idx=1314,1314
Keyboards,Owlab,[Raffle] Owlab Hellcat Mech-01 Barebone Kit Babypink,https://www.swagkey.kr/shop_view/?idx=1315,1315
Keyboards,Owlab,[Raffle] Owlab Hellcat Mech-01 Barebone Kit Dark Grey,https://www.swagkey.kr/shop_view/?idx=1316,1316
Keyboards,Owlab,[Raffle] Owlab Hellcat Mech-01 Barebone Kit Grey,https://www.swagkey.kr/shop_view/?idx=1317,1317
Keyboards,Geistmaschine,[GB] Geistmaschine - TP-1 키캡,https://www.swagkey.kr/shop_view/?idx=1141,1141
Keyboards,Anorexus,[GB] Anorexus Void65 PCB / Plate,https://www.swagkey.kr/shop_view/?idx=935,935
Keyboards,NEO,[Pre-order] AM Compact Touch R2,https://www.swagkey.kr/shop_view/?idx=754,754
Keyboards,NEO,[예약판매] Qwertykeys NEO Ergo Barebone Kit,https://www.swagkey.kr/shop_view/?idx=857,857
Keyboards,Anorexus,[GB] Anorexus Void65,https://www.swagkey.kr/shop_view/?idx=934,934
Keyboards,FAUKWAA,[GB] FAUKWAA - [MY-2K] 100NG Edition - 기판,https://www.swagkey.kr/shop_view/?idx=1052,1052
Keyboards,NEO,[예약판매] Qwertykeys NEO Ergo Parts,https://www.swagkey.kr/shop_view/?idx=858,858
Keyboards,MatrixLab,MatrixLab FAUKWAA - [MY-2K] 1999 베어본,https://www.swagkey.kr/shop_view/?idx=1810,1810
Keyboards,MatrixLab,[당첨자결제용] MatrixLab FAUKWAA - [MY-2K] 1999 베어본,https://www.swagkey.kr/shop_view/?idx=1815,1815
Keyboards,FAUKWAA,[GB] FAUKWAA - [MY-2K] 100NG Edition,https://www.swagkey.kr/shop_view/?idx=1050,1050
Keyboards,GMK,[GB] PBS Granite,https://www.swagkey.kr/shop_view/?idx=1389,1389
Keyboards,GMK,[GB] GMK Cosmos 키캡,https://www.swagkey.kr/shop_view/?idx=945,945
Keyboards,Artkey,[GB] Artkey - AK75,https://www.swagkey.kr/shop_view/?idx=1065,1065
Keyboards,TKD,[GB] TKD Cycle 7 Parts,https://www.swagkey.kr/shop_view/?idx=607,607
Keyboards,MM Studio,[GB] Mode Envoy 65% PCB,https://www.swagkey.kr/shop_view/?idx=526,526
Keyboards,MM Studio,[GB] MW - Reel to Reel,https://www.swagkey.kr/shop_view/?idx=1177,1177
Keyboards,Anorexus,[GB] DMK Silent Plateau,https://www.swagkey.kr/shop_view/?idx=579,579
Keyboards,Anorexus,[GB] Mode Envoy 65% 추가 파츠,https://www.swagkey.kr/shop_view/?idx=531,531
Keyboards,Anorexus,[GB] Pangea Fullsize,https://www.swagkey.kr/shop_view/?idx=948,948
Keyboards,MatrixLab,[GB] MatrixLab Gator,https://www.swagkey.kr/shop_view/?idx=917,917
Keyboards,Neson Design,[GB] TKD Cycle 7 Keyboard,https://www.swagkey.kr/shop_view/?idx=603,603
Keyboards,Neson Design,[GB] Neson Design 810E v3,https://www.swagkey.kr/shop_view/?idx=676,676
Keyboards,Mode,[GB] Mode Envoy 65% 추가 보강판,https://www.swagkey.kr/shop_view/?idx=527,527
Keyboards,Mode,[GB] Mode Envoy 65% 추가 케이스,https://www.swagkey.kr/shop_view/?idx=528,528
Keyboards,Mode,[GB] Mode Envoy 65% 추가 무게추,https://www.swagkey.kr/shop_view/?idx=529,529
Keyboards,Mode,[GB] Mode Envoy 65% 추가 악센트,https://www.swagkey.kr/shop_view/?idx=530,530
Keyboards,TKD,[GB] TKD Cycle 8 Add-on,https://www.swagkey.kr/shop_view/?idx=907,907
Keyboards,Mode,[GB] Mode Themes Switches,https://www.swagkey.kr/shop_view/?idx=536,536
Keyboards,Artkey,[GB] Mode Envoy 65% Diy Kit,https://www.swagkey.kr/shop_view/?idx=521,521
Keyboards,Artkey,[GB] Mode Themes Desk Mats,https://www.swagkey.kr/shop_view/?idx=542,542
Keyboards,Artkey,[GB] Artkey - AK75 Parts,https://www.swagkey.kr/shop_view/?idx=1067,1067
Keyboards,Plywrks,[GB] Plywrks Spyder TKL,https://www.swagkey.kr/shop_view/?idx=913,913
Keyboards,Anorexus,[GB] Pangea Fullsize PCB,https://www.swagkey.kr/shop_view/?idx=949,949
Keyboards,MilkyWay,[GB] MW Asuka R2 기계식 키보드 키캡,https://www.swagkey.kr/shop_view/?idx=908,908
Keyboards,FoxLab,[GB] FoxLab Time65 Parts,https://www.swagkey.kr/shop_view/?idx=854,854
Keyboards,Cannonkeys,[GB] Cannonkeys VIDA 여분 상판,https://www.swagkey.kr/shop_view/?idx=1027,1027
Keyboards,Wuque,[GB]Meletrix Zoom64 - HE 버전,https://www.swagkey.kr/shop_view/?idx=1624,1624
Keyboards,GMK,[GB] PBS Strawberry Milk 키캡,https://www.swagkey.kr/shop_view/?idx=1221,1221
Keyboards,Anorexus,[GB] Pangea Fullsize 추가 보강판,https://www.swagkey.kr/shop_view/?idx=950,950
Keyboards,MM Studio,[GB] MM Studio Class 0413 상판,https://www.swagkey.kr/shop_view/?idx=849,849
Keyboards,MilkyWay,[GB] MW - Reel to Reel Deskmat,https://www.swagkey.kr/shop_view/?idx=1179,1179
Keyboards,MatrixLab,[GB] MatrixLab CP.8XV 3 ⅓ Pad,https://www.swagkey.kr/shop_view/?idx=956,956
Keyboards,Neson Design,[GB] Neson Design 810E v3 Parts,https://www.swagkey.kr/shop_view/?idx=677,677
Keyboards,TKD,[GB] XINGZHI x QIN 篆Seal Parts,https://www.swagkey.kr/shop_view/?idx=1009,1009
Keyboards,Cannonkeys,[GB] Cannonkeys VIDA 여분 외부 무게추,https://www.swagkey.kr/shop_view/?idx=1028,1028
Keyboards,Cannonkeys,[GB] Cannonkeys VIDA 여분 내부 무게추,https://www.swagkey.kr/shop_view/?idx=1030,1030
Keyboards,Wuque,[GB]ZOOM64 Mechanical Kit 추가 파츠,https://www.swagkey.kr/shop_view/?idx=1652,1652
Keyboards,Plywrks,[GB] Plywrks Spyder TKL Add-on,https://www.swagkey.kr/shop_view/?idx=914,914
Keyboards,MM Studio,[GB] MM Studio Class 1800 Parts,https://www.swagkey.kr/shop_view/?idx=962,962
Keyboards,Cannonkeys,[GB] Cannonkeys VIDA 폼킷 & 여분 가스켓,https://www.swagkey.kr/shop_view/?idx=1029,1029
Keyboards,Cannonkeys,[GB] Cannonkeys VIDA Blackout,https://www.swagkey.kr/shop_view/?idx=1031,1031
Keyboards,MM Studio,[GB] MM Studio Class 0413 Parts,https://www.swagkey.kr/shop_view/?idx=848,848
Keyboards,NBH,[GB] Neighbourhood Shy60 Parts,https://www.swagkey.kr/shop_view/?idx=1505,1505
Keyboards,TKD,[GB] TKD Cycle 7 Keyboard Barebones,https://www.swagkey.kr/shop_view/?idx=606,606
Keyboards,TKD,[GB] 篆Seal x Cosmos Barebone Kit,https://www.swagkey.kr/shop_view/?idx=964,964
Keyboards,FoxLab,[GB] FoxLab Time65 Barebone Kit,https://www.swagkey.kr/shop_view/?idx=853,853
Keyboards,Bowl Keyboard,[GB] Bowl x Alexotos Manta Add-on,https://www.swagkey.kr/shop_view/?idx=1238,1238
Keyboards,MatrixLab,[GB] MatrixLab CP.8XV 3 ⅓ Pad 전용 기판,https://www.swagkey.kr/shop_view/?idx=957,957
Keyboards,Anorexus,[GB] Pangea Fullsize 추가 TKL Frames,https://www.swagkey.kr/shop_view/?idx=951,951
Keyboards,Anorexus,[GB] Pangea Fullsize 추가 TOP Frames,https://www.swagkey.kr/shop_view/?idx=952,952
Keyboards,Wuque,[GB]Meletrix Zoom64 - Mechanical 버전,https://www.swagkey.kr/shop_view/?idx=1646,1646
Keyboards,MatrixLab,[GB] MatrixLab Carnival [TKL] - Parts,https://www.swagkey.kr/shop_view/?idx=1626,1626
Keyboards,Baionlenja,[GB] Deadline studio X Hammer works - HMC,https://www.swagkey.kr/shop_view/?idx=584,584
Keyboards,Baionlenja,[GB] ai03 Altair and Altair-X R2 Parts,https://www.swagkey.kr/shop_view/?idx=1296,1296
Keyboards,NBH,[GB] XINGZHI x QIN 篆Seal Barebone Kit,https://www.swagkey.kr/shop_view/?idx=1006,1006
Keyboards,NBH,[GB] Hammer x BUGER CRP-X Parallel Worlds,https://www.swagkey.kr/shop_view/?idx=583,583
Keyboards,MM Studio,[GB] MM Studio Class 1800 Barebone Kit,https://www.swagkey.kr/shop_view/?idx=961,961
Keyboards,MM Studio,[GB] 인스탁 구매자용 Matrix Navi & Corsa HE Kit,https://www.swagkey.kr/shop_view/?idx=743,743
Keyboards,MM Studio,[GB] MM Studio Class 0413 Barebone Kit,https://www.swagkey.kr/shop_view/?idx=847,847
Keyboards,MatrixLab,[GB] FAUKWAA [MY-2K] 100NG Edition - Parts,https://www.swagkey.kr/shop_view/?idx=1164,1164
Keyboards,NEO,Qwertykeys NEO65 Parts,https://www.swagkey.kr/shop_view/?idx=885,885
Keyboards,NEO,Qwertykeys NEO Ergo 파츠 & 팜레스트,https://www.swagkey.kr/shop_view/?idx=959,959
Keyboards,NEO,[Pre-order] Qwertykeys QK60 R2,https://www.swagkey.kr/shop_view/?idx=389,389
Keyboards,NEO,[In-stock] Qwertykeys QK80 Parts,https://www.swagkey.kr/shop_view/?idx=465,465
Keyboards,NEO,[Pre-order] Qwertykeys - NEO60 Cu,https://www.swagkey.kr/shop_view/?idx=1082,1082
Keyboards,NEO,[Pre-order] Qwertykeys - NEO 65&amp;60 Parts,https://www.swagkey.kr/shop_view/?idx=1083,1083
Keyboards,NEO,[Group Buy] Pixelspace Shadow80 Barebone Kit,https://www.swagkey.kr/shop_view/?idx=685,685
Keyboards,JJW,[Group Buy] JJW Play Tray V2,https://www.swagkey.kr/shop_view/?idx=859,859
Keyboards,Percent Studio,Volt Plus+,https://www.swagkey.kr/shop_view/?idx=1056,1056
Keyboards,NEO,[Group Buy] Pixelspace Shadow80 PCB % Extra Parts,https://www.swagkey.kr/shop_view/?idx=686,686
Keyboards,NEO,[Group Buy] Shadow80 Limited Edition 당첨자용,https://www.swagkey.kr/shop_view/?idx=714,714
Keyboards,스웨그키,스웨그키 Neon 기판 성능 측정기,https://www.swagkey.kr/shop_view/?idx=1420,1420
Keyboards,Percent Studio,[예약판매]Percent Studio - Platinum PT750,https://www.swagkey.kr/shop_view/?idx=1096,1096
Keyboards,Owlab,[In-Stock] Owlab Link65 PCB,https://www.swagkey.kr/shop_view/?idx=533,533
Keyboards,Owlab,[In-Stock] Owlab Link65 Plate,https://www.swagkey.kr/shop_view/?idx=534,534
Keyboards,Owlab,Owlab Jelly Evolv Barebones Kit,https://www.swagkey.kr/shop_view/?idx=611,611
Keyboards,Owlab,[In-Stock] Owlab Link65 DIY Kit,https://www.swagkey.kr/shop_view/?idx=532,532
Keyboards,Owlab,[Raffle] Owlab Vento 80 Barebone Kit Light Wisteria WK,https://www.swagkey.kr/shop_view/?idx=807,807
Keyboards,Keykobo,[GB] Keykobo Cheese &amp; Vento 키캡,https://www.swagkey.kr/shop_view/?idx=1000,1000
